﻿Asset Name,Category,Range,Temperature (°F),Date,Location,Tag ID
TMFM - Blountstown Extra Refrigerator,Vaccine Refrigerator,35.0 °F to 46.9 °F,38.0,19 Sep 16 1:16 PM,TMFM-Blountstown/Floor 1/TMFM-Blountstown 1st Floor,000CCC5724C5
TMFM - Blountstown VFC Refrigerator,Vaccine Refrigerator,35.0 °F to 46.9 °F,38.3,19 Sep 16 1:07 PM,TMFM-Blountstown/Floor 1/TMFM-Blountstown 1st Floor,000CCC572CD1
TMFM - Perry Refrigerator,Vaccine Refrigerator,35.0 °F to 46.9 °F,35.4,19 Sep 16 12:49 PM,TMFM-Perry/Floor 1/TMFM-Perry,000CCC57278B
TMFM - Quincy Overflow Refrigerator,Vaccine Refrigerator,35.0 °F to 46.9 °F,39.4,19 Sep 16 1:14 PM,TMFM-Quincy/Floor 1/TMFM-Quincy,000CCC571FB2
TMFM - Quincy VFC Refrigerator,Vaccine Refrigerator,35.0 °F to 46.9 °F,41.2,19 Sep 16 12:53 PM,TMFM-Quincy/Floor 1/TMFM-Quincy,000CCC5727E9
TMFM - Wakulla VFC Refrigerator,Vaccine Refrigerator,35.0 °F to 46.9 °F,40.1,19 Sep 16 1:17 PM,TMFM-Wakulla/Floor 1/TMFM-Wakulla,000CCC5720FA
Total number of results: 6,,,,,,
