﻿Report period: 13 Sep 16 12:00 AM to 15 Sep 16 11:59 PM,,,,
Date,Time,Type,Description,Temperature (°F)
13 Sep 16, 12:10 AM,Regular Report,,38.5
13 Sep 16, 1:12 AM,Regular Report,,38.4
13 Sep 16, 2:14 AM,Regular Report,,38.5
13 Sep 16, 3:17 AM,Regular Report,,38.5
13 Sep 16, 4:19 AM,Regular Report,,38.5
13 Sep 16, 5:21 AM,Regular Report,,38.6
13 Sep 16, 6:23 AM,Regular Report,,39.5
13 Sep 16, 7:25 AM,Regular Report,,40.1
13 Sep 16, 8:27 AM,Regular Report,,39.5
13 Sep 16, 9:30 AM,Regular Report,,38.9
13 Sep 16, 10:01 AM,Regular Report,,38.8
13 Sep 16, 11:03 AM,Regular Report,,39.7
13 Sep 16, 12:05 PM,Regular Report,,40.3
13 Sep 16, 1:07 PM,Regular Report,,40.8
13 Sep 16, 3:06 PM,Regular Report,,40.1
13 Sep 16, 4:08 PM,Regular Report,,40.0
13 Sep 16, 5:10 PM,Regular Report,,40.3
13 Sep 16, 6:13 PM,Regular Report,,40.1
13 Sep 16, 7:15 PM,Regular Report,,39.5
13 Sep 16, 8:17 PM,Regular Report,,41.0
13 Sep 16, 9:19 PM,Regular Report,,40.2
13 Sep 16, 10:21 PM,Regular Report,,39.5
13 Sep 16, 11:23 PM,Regular Report,,39.1
14 Sep 16, 12:25 AM,Regular Report,,38.9
14 Sep 16, 1:28 AM,Regular Report,,38.7
14 Sep 16, 2:30 AM,Regular Report,,38.6
14 Sep 16, 3:01 AM,Regular Report,,38.7
14 Sep 16, 4:03 AM,Regular Report,,38.7
14 Sep 16, 5:05 AM,Regular Report,,38.6
14 Sep 16, 6:07 AM,Regular Report,,38.6
14 Sep 16, 7:09 AM,Regular Report,,38.7
14 Sep 16, 8:12 AM,Regular Report,,38.7
14 Sep 16, 9:14 AM,Regular Report,,38.6
14 Sep 16, 10:16 AM,Regular Report,,38.7
14 Sep 16, 11:18 AM,Regular Report,,39.1
14 Sep 16, 12:20 PM,Regular Report,,41.0
14 Sep 16, 1:22 PM,Regular Report,,40.7
14 Sep 16, 2:24 PM,Regular Report,,39.9
14 Sep 16, 3:21 PM,Regular Report,,39.8
14 Sep 16, 4:23 PM,Regular Report,,37.1
14 Sep 16, 5:25 PM,Regular Report,,30.5
14 Sep 16, 6:28 PM,Regular Report,,30.7
14 Sep 16, 6:54 PM,Alert! Blountstown,,30.7
14 Sep 16, 7:30 PM,Regular Report,,30.5
14 Sep 16, 7:54 PM,Alert! Blountstown,,30.5
14 Sep 16, 8:01 PM,Regular Report,,30.4
14 Sep 16, 8:54 PM,Alert! Blountstown,,29.9
14 Sep 16, 9:03 PM,Regular Report,,27.8
14 Sep 16, 9:54 PM,Alert! Blountstown,,27.5
14 Sep 16, 10:06 PM,Regular Report,,31.4
14 Sep 16, 10:54 PM,Alert! Blountstown,,33.6
14 Sep 16, 11:08 PM,Regular Report,,36.1
15 Sep 16, 12:10 AM,Regular Report,,37.5
15 Sep 16, 1:12 AM,Regular Report,,37.0
15 Sep 16, 2:14 AM,Regular Report,,37.0
15 Sep 16, 3:17 AM,Regular Report,,36.7
15 Sep 16, 4:19 AM,Regular Report,,36.8
15 Sep 16, 5:21 AM,Regular Report,,37.0
15 Sep 16, 6:23 AM,Regular Report,,36.9
15 Sep 16, 7:25 AM,Regular Report,,36.9
15 Sep 16, 8:28 AM,Regular Report,,37.0
15 Sep 16, 9:30 AM,Regular Report,,37.2
15 Sep 16, 10:01 AM,Regular Report,,37.2
15 Sep 16, 11:03 AM,Regular Report,,38.1
15 Sep 16, 12:05 PM,Regular Report,,38.6
15 Sep 16, 1:07 PM,Regular Report,,38.8
15 Sep 16, 2:09 PM,Regular Report,,39.7
15 Sep 16, 3:06 PM,Regular Report,,40.1
15 Sep 16, 4:08 PM,Regular Report,,39.5
15 Sep 16, 5:11 PM,Regular Report,,39.0
15 Sep 16, 6:13 PM,Regular Report,,38.4
15 Sep 16, 7:15 PM,Regular Report,,38.1
15 Sep 16, 8:17 PM,Regular Report,,38.1
15 Sep 16, 9:19 PM,Regular Report,,38.0
15 Sep 16, 10:21 PM,Regular Report,,38.0
15 Sep 16, 11:24 PM,Regular Report,,37.9
Total number of results: 76,,,,
